2 –∫–æ–º–Ω–∞—Ç—ã, 74 –º¬≤, –≠–ª–∏—Ç–∫–∞, 5 —ç—Ç–∞–∂;6 860 545KGS;11 –º–∞—è 2024;–ê–≥–µ–Ω—Ç—Å—Ç–≤–æ –Ω–µ–¥–≤–∏–∂–∏–º–æ—Å—Ç–∏ N¬∞1;–ë–∏—à–∫–µ–∫;‚úÖ –í –ø—Ä–æ–¥–∞–∂–µ –ï–í–†–û-–î–í–£–®–ö–ê | –ê–ª–∞–º–∞—Ç–∏–Ω–∫–∞ // –ú–µ–¥–µ—Ä–æ–≤–∞ $78.000____74 –º¬≤____–≠—Ç–∞–∂ 5/9–†–∞–π–æ–Ω –ö–æ–∫-–ñ–∞—Ä–∞üìç7-–ê–ø—Ä–µ–ª—è, 3 –¥–æ–º–ö–∏—Ä–ø–∏—á–Ω–∞—è –Ω–æ–≤–æ—Å—Ç—Ä–æ–π–∫–∞ 2014 –≥.–ó–∞—Å—Ç—Ä–æ–π—â–∏–∫ - "–ë–ª–µ—Å–∫" –¢–µ—Ö.–ø–∞—Å–ø–æ—Ä—Ç –µ—Å—Ç—å –ö—Ä–∞—Å–Ω–∞—è –∫–Ω–∏–≥–∞–¶–µ–Ω—Ç—Ä–∞–ª—å–Ω–æ–µ –æ—Ç–æ–ø–ª–µ–Ω–∏–µ–ì–∞–∑ –µ—Å—Ç—å –î–≤—É—à–∫–∞-—Å—Ç—É–¥–∏—è (–∫—É—Ö–Ω—è+–≥–æ—Å—Ç–∏–Ω–∞—è) –ö–≤–∞—Ä—Ç–∏—Ä–∞ –≤ —Ö–æ—Ä–æ—à–µ–º –∂–∏–ª–æ–º —Å–æ—Å—Ç–æ—è–Ω–∏–∏–° –º–µ–±–µ–ª—å—é –∏ —Ç–µ—Ö–Ω–∏–∫–æ–π–†–∞–∑–¥–µ–ª—å–Ω—ã–π —Å–∞–Ω—É–∑–µ–ª–°–≤–µ—Ç–ª–∞—è –∏ —Ç–µ–ø–ª–∞—è –∫–≤–∞—Ä—Ç–∏—Ä–∞ —Å –≤–∏–¥–æ–º –∏–∑ –æ–∫–æ–Ω –Ω–∞ –≥–æ—Ä–æ–¥, –Ω–∞ –ê–ª–º–∞—Ç–∏–Ω–∫—É–°—Ç–æ–∏–º–æ—Å—Ç—å ‚Äî  $ 78.000–î–æ–ø–æ–ª–Ω–∏—Ç–µ–ª—å–Ω–æ –æ –∫–≤–∞—Ä—Ç–∏—Ä–µ: - –î–æ–º —Ä–∞—Å–ø–æ–ª–æ–∂–µ–Ω –≤ —Ö–æ—Ä–æ—à–µ–º —Ä–∞–π–æ–Ω–µ —Å —Ä–∞–∑–≤–∏—Ç–æ–π –∏–Ω—Ñ—Ä–∞—Å—Ç—Ä—É–∫—Ç—É—Ä–æ–π. –í–æ–∑–ª–µ –¥–æ–º–∞ –µ—Å—Ç—å –±–∞–∑–∞—Ä—á–∏–∫, —Å—É–ø–µ—Ä–º–∞—Ä–∫–µ—Ç—ã, —à–∫–æ–ª—ã –∏ –¥–µ—Ç.—Å–∞–¥—ã. —Ç—Ä–µ–Ω–∞–∂–µ—Ä–Ω—ã–π –∑–∞–ª;- –ë–æ–ª—å—à–∞—è –ø–∞—Ä–∫–æ–≤–∫–∞ –∏ –¥–≤–æ—Ä;- –î–æ–º –∫–∏—Ä–ø–∏—á–Ω—ã–π —Å —Ü–µ–Ω—Ç—Ä–∞–ª—å–Ω—ã–º –æ—Ç–æ–ø–ª–µ–Ω–∏–µ–º, –∏–∑-–∑–∞ —á–µ–≥–æ –∑–∏–º–æ–π –æ—á–µ–Ω—å —Ç–µ–ø–ª–æ;- –•–æ—Ä–æ—à–∏–π –ª–∏—Ñ—Ç;- –ù–∞ –ø–ª–æ—â–∞–¥–∫–µ 3 –∫–≤–∞—Ä—Ç–∏—Ä—ã; - –ü–æ—Ç–æ–ª–∫–∏ 3 –º–µ—Ç—Ä–∞;- –ü—Ä–æ—Å—Ç–æ—Ä–Ω—ã–µ –∫–æ–º–Ω–∞—Ç—ã, –º–æ–∂–Ω–æ –ø–µ—Ä–µ–¥–µ–ª–∞—Ç—å –≤ –ø–æ–ª–Ω–æ—Ü–µ–Ω–Ω—É—é 2—Ö –∫–æ–º–Ω–∞—Ç–Ω—É—é;–ù–µ–¥–≤–∏–∂–∏–º–æ—Å—Ç—å;–ö–≤–∞—Ä—Ç–∏—Ä—ã;ID 33725664;lalafo.kg;https://lalafo.kg/bishkek/ads/2-komnaty-74-m-elitka-5-etaz-id-33725664;https://img5.lalafo.com/i/posters/original/3c/92/8e/5ff62dab4b577e5c15831e2b6c.jpeg,https://img5.lalafo.com/i/posters/original/ec/0f/a5/61bbbff4514bf2aea0ba69c656.jpeg,https://img5.lalafo.com/i/posters/original/02/79/c6/cd7f557e1d700e5f0c28af3926.jpeg,https://img5.lalafo.com/i/posters/original/6c/b2/72/7c0b4472f2147470e19ed27b4b.jpeg,https://img5.lalafo.com/i/posters/original/b6/82/e8/a666c634f35f234a71b02f80c2.jpeg,https://img5.lalafo.com/i/posters/original/16/92/18/9fae4ea7350036e65b54c3239f.jpeg,https://img5.lalafo.com/i/posters/original/9e/31/a1/995449834b44b29fee0af11970.jpeg,https://img5.lalafo.com/i/posters/original/ec/03/f2/fce09e3f1c179e8ad60c52bbfc.jpeg,https://img5.lalafo.com/i/posters/original/2e/be/bc/0ac293410f4befbcfd19d34153.jpeg,https://img5.lalafo.com/i/posters/original/4a/e4/f7/add4349ce0affa072ec51b4b68.jpeg,https://img5.lalafo.com/i/posters/original/8b/89/38/cb8b205a5a2bf96480b7077446.jpeg,https://img5.lalafo.com/i/posters/original/d3/e3/17/79fea0d47ff1403c7af8d04c16.jpeg,https://img5.lalafo.com/i/posters/original/a8/1f/37/2e6c42459035662e5450004313.jpeg,https://img5.lalafo.com/i/posters/original/47/85/75/2a326da190e627b7a963b943ee.jpeg,https://img5.lalafo.com/i/posters/original/ce/f0/48/a9c3862580218f0c5f8daab033.jpeg,https://img5.lalafo.com/i/posters/original/ff/61/56/49e34e4f2570da60b90bd194f1.jpeg,https://img5.lalafo.com/i/posters/original/f7/5c/7e/c8e5f30b6999a728ca9211d193.jpeg,https://img5.lalafo.com/i/posters/original/3c/92/8e/5ff62dab4b577e5c15831e2b6c.jpeg,https://img5.lalafo.com/i/posters/original/ec/0f/a5/61bbbff4514bf2aea0ba69c656.jpeg,https://img5.lalafo.com/i/posters/original/02/79/c6/cd7f557e1d700e5f0c28af3926.jpeg,https://img5.lalafo.com/i/posters/original/6c/b2/72/7c0b4472f2147470e19ed27b4b.jpeg,https://img5.lalafo.com/i/posters/original/b6/82/e8/a666c634f35f234a71b02f80c2.jpeg,https://img5.lalafo.com/i/posters/original/16/92/18/9fae4ea7350036e65b54c3239f.jpeg,https://img5.lalafo.com/i/posters/original/9e/31/a1/995449834b44b29fee0af11970.jpeg,https://img5.lalafo.com/i/posters/original/ec/03/f2/fce09e3f1c179e8ad60c52bbfc.jpeg,https://img5.lalafo.com/i/posters/original/2e/be/bc/0ac293410f4befbcfd19d34153.jpeg,https://img5.lalafo.com/i/posters/original/4a/e4/f7/add4349ce0affa072ec51b4b68.jpeg,https://img5.lalafo.com/i/posters/original/8b/89/38/cb8b205a5a2bf96480b7077446.jpeg,https://img5.lalafo.com/i/posters/original/d3/e3/17/79fea0d47ff1403c7af8d04c16.jpeg,https://img5.lalafo.com/i/posters/original/a8/1f/37/2e6c42459035662e5450004313.jpeg,https://img5.lalafo.com/i/posters/original/47/85/75/2a326da190e627b7a963b943ee.jpeg,https://img5.lalafo.com/i/posters/original/ce/f0/48/a9c3862580218f0c5f8daab033.jpeg,https://img5.lalafo.com/i/posters/original/ff/61/56/49e34e4f2570da60b90bd194f1.jpeg,https://img5.lalafo.com/i/posters/original/f7/5c/7e/c8e5f30b6999a728ca9211d193.jpeg,https://img5.lalafo.com/i/posters/original/3c/92/8e/5ff62dab4b577e5c15831e2b6c.jpeg,https://img5.lalafo.com/i/posters/original/ec/0f/a5/61bbbff4514bf2aea0ba69c656.jpeg,https://img5.lalafo.com/i/posters/original/02/79/c6/cd7f557e1d700e5f0c28af3926.jpeg,https://img5.lalafo.com/i/posters/original/6c/b2/72/7c0b4472f2147470e19ed27b4b.jpeg,https://img5.lalafo.com/i/posters/original/b6/82/e8/a666c634f35f234a71b02f80c2.jpeg,https://img5.lalafo.com/i/posters/original/16/92/18/9fae4ea7350036e65b54c3239f.jpeg,https://img5.lalafo.com/i/posters/original/9e/31/a1/995449834b44b29fee0af11970.jpeg,https://img5.lalafo.com/i/posters/original/ec/03/f2/fce09e3f1c179e8ad60c52bbfc.jpeg,https://img5.lalafo.com/i/posters/original/2e/be/bc/0ac293410f4befbcfd19d34153.jpeg
2 –∫–æ–º–Ω–∞—Ç—ã, 43 –º¬≤, 3 —ç—Ç–∞–∂, –ï–≤—Ä–æ—Ä–µ–º–æ–Ω—Ç;5 453 253KGS;22 –∞–ø—Ä. 2024;Realtor;–ë–∏—à–∫–µ–∫;–°—Ä–æ—á–Ω–æ!!! –ü—Ä–æ–¥–∞—é  –∫–≤–∞—Ä—Ç–∏—Ä—É. –í —Ö–æ—Ä–æ—à–µ–º¬† —Ä–∞–π–æ–Ω–µ, —á–∏—Å—Ç—ã–π¬† –≥–æ—Ä–Ω—ã–π –≤–æ–∑–¥—É—Ö, —Ä—è–¥–æ–º¬† –ø–∞—Ä–∫–∏¬†S= 43. –≠—Ç–∞–∂: 3/12. –°–µ—Ä–∏—è: –≠–ª–∏—Ç–∫–∞ –°–¢–£–î–ò–Ø–ñ–ö "–êrt City" –ü—Ä–∞–≤–æ—É—Å—Ç–∞–Ω–∞–≤–ª–∏–≤–∞—é—â–∏–µ¬† –¥–æ–∫—É–º–µ–Ω—Ç—ã: –î–æ–≥–æ–≤–æ—Ä¬† –¥–æ–ª–µ–≤–æ–≥–æ¬† —É—á–∞—Å—Ç–∏—è. –û—Ñ–æ—Ä–º–ª–µ–Ω–∏–µ¬† —á–µ—Ä–µ–∑¬† –≥–æ—Å¬† —Ä–µ–≥–∏—Å—Ç—Ä. –í–µ—Å–Ω–æ–π¬† –≤—ã–¥–∞—á–∞¬† —Ç–µ—Ö –ø–∞—Å–ø–æ—Ä—Ç–æ–≤. –õ–∏—Ñ—Ç —Ä–∞–±–æ—Ç–∞–µ—Ç. –ê—Å–∞–Ω–±–∞–π¬† –º–∫—Ä. –°–≤–µ–∂–∏–π¬† —Ä–µ–º–æ–Ω—Ç. –° –º–µ–±–µ–ª—å—é. –û–∫–Ω–∞¬† —Å–º–æ—Ç—Ä—è—Ç¬† –Ω–∞¬† –≥–æ—Ä—ã.¬† –ì–∞–∑–æ–≤–æ–µ¬† –æ—Ç–æ–ø–ª–µ–Ω–∏–µ. –î–∏–∑–∞–π–Ω–µ—Ä—Å–∫–∏–π¬† —Ä–µ–º–æ–Ω—Ç. –ì–æ–¥ –ø–æ—Å—Ç—Ä–æ–π–∫–∏: 2023. –¢–æ—Ä–≥ –ø—Ä–∏ –æ—Å–º–æ—Ç—Ä–µ.;–ù–µ–¥–≤–∏–∂–∏–º–æ—Å—Ç—å;–ö–≤–∞—Ä—Ç–∏—Ä—ã;ID 108369618;lalafo.kg;https://lalafo.kg/bishkek/ads/srocno-prodau-kvartiru-id-108369618;
2 –∫–æ–º–Ω–∞—Ç—ã, 43 –º¬≤, 104 —Å–µ—Ä–∏—è, 1 —ç—Ç–∞–∂, –°—Ç–∞—Ä—ã–π —Ä–µ–º–æ–Ω—Ç;5 145 408KGS;19 –∞–ø—Ä. 2024;–ê–∑–∞–º–∞—Ç;–ë–∏—à–∫–µ–∫;–ü—Ä–æ–¥–∞—é 2 –∫–æ–º–Ω–∞—Ç–Ω—É—é –∫–≤–∞—Ä—Ç–∏—Ä—É, 104 —Å–µ—Ä–∏–∏, –ü–µ—Ä–≤—ã–π —ç—Ç–∞–∂ –∏–∑ 4. 4 –º–∫—Ä –ø–æ –î–æ–Ω–µ—Ü–∫–æ–π –±–ª–∏–∂–µ –∫ –Ω–∞–±–µ—Ä–µ–∂–Ω–æ–π–ë–µ–∑ –±–∞–ª–∫–æ–Ω–∞ –•–æ—Ä–æ—à–µ–µ —Ä–∞—Å–ø–æ–ª–æ–∂–µ–Ω–∏–µ, —Ç—Ä–∞–Ω—Å–ø–æ—Ä—Ç–Ω–∞—è —Ä–∞–∑–≤—è–∑–∫–∞, —à–∫–æ–ª–∞, –¥–µ—Ç—Å–∫–∏–µ —Å–∞–¥—ã, –Ω–µ –¥–∞–ª–µ–∫–æ –û—Ä—Ç–æ –°–∞–π—Å–∫–∏–π –±–∞–∑–∞—Ä. –Æ–¶–µ–Ω–∞ 58500 –¥–æ–ª–ª–∞—Ä–æ–≤;–ù–µ–¥–≤–∏–∂–∏–º–æ—Å—Ç—å;–ö–≤–∞—Ä—Ç–∏—Ä—ã;ID 40367021;lalafo.kg;https://lalafo.kg/bishkek/ads/2-komnaty-43-m-104-seria-1-etaz-staryj-remont-id-40367021;
3 –∫–æ–º–Ω–∞—Ç—ã, 88 –º¬≤, 106 —Å–µ—Ä–∏—è —É–ª—É—á—à–µ–Ω–Ω–∞—è, 9 —ç—Ç–∞–∂, –ï–≤—Ä–æ—Ä–µ–º–æ–Ω—Ç;7 035 576KGS;17 –∞–ø—Ä. 2024;–ö—ã—Ä–≥—ã–∑ –ù–µ–¥–≤–∏–∂–∏–º–æ—Å—Ç—å;–ë–∏—à–∫–µ–∫;üî•–ü–†–û–î–ê–Æ 3 –∫–æ–º –∫–≤–∞—Ä—Ç–∏—Ä—Éüìå–†–∞—Å–ø–æ–ª–æ–∂–µ–Ω–∏–µ –£–ª–∞–Ω 2  üè¢ 106 –°–µ—Ä–∏—è –Ω–µ —É–≥–ª–æ–≤–∞—èüìè–ü–ª–æ—â–∞–¥—å:  88 –º2      üè¢–≠—Ç–∞–∂:  9/9‚õΩ–û—Ç–æ–ø–ª–µ–Ω–∏–µ: –≠–ª–µ–∫—Ç—Ä–∏—á–µ—Å–∫–æ–µüõÄ –°–∞–Ω –£–∑–µ–ª: –†–∞–∑–¥–µ–ª—å–Ω—ã–π ‚öíÔ∏è –ï–≤—Ä–æ—Ä–µ–º–æ–Ω—Ç —á–∞—Å—Ç–∏—á–Ω–æ —Å –º–µ–±–µ–ª—å—éüñºÔ∏è –æ–∫–Ω–∞ –≤–æ –¥–≤–æ—Ä –∏ –Ω–∞ —É–ª–∏—Ü—É –ê–ª–º–∞—Ç–∏–Ω–∫–∞ —Å–∫–≤–æ–∑–Ω–∞—è –ø–ª–∞–Ω–∏—Ä–æ–≤–∫–∞      4 –õ–æ–¥–∂–∏–∏üí∞–¶–µ–Ω–∞ : 79.990$ –ö—ã—Ä–≥—ã–∑ –ù–µ–¥–≤–∏–∂–∏–º–æ—Å—Ç—åID: 23739;–ù–µ–¥–≤–∏–∂–∏–º–æ—Å—Ç—å;–ö–≤–∞—Ä—Ç–∏—Ä—ã;ID 108168423;lalafo.kg;https://lalafo.kg/bishkek/ads/3-komnaty-88-m-106-seria-ulucsennaa-9-etaz-evroremont-id-108168423;https://img5.lalafo.com/i/posters/original/90/06/5f/41012585fb78a0a4ff01bd99e0.jpeg,https://img5.lalafo.com/i/posters/original/45/84/c1/6d4da01f43d47e2b383bcc2842.jpeg,https://img5.lalafo.com/i/posters/original/17/c5/f0/6129a14d24c922db84e80ee694.jpeg,https://img5.lalafo.com/i/posters/original/d0/31/2b/dc845aee38b6122857add6f8f0.jpeg,https://img5.lalafo.com/i/posters/original/8b/8d/34/a0d0279bfc7403fec2937d6b0b.jpeg,https://img5.lalafo.com/i/posters/original/ae/a7/51/c1ff57a9f99c4a4fdee3da55d0.jpeg,https://img5.lalafo.com/i/posters/original/7a/f4/0a/ea0d1d60148c47d3397c17c223.jpeg,https://img5.lalafo.com/i/posters/original/57/93/bf/92991ff5893981bc027f44161e.jpeg,https://img5.lalafo.com/i/posters/original/16/f8/32/97b770c333ad58a7d8f10b748c.jpeg,https://img5.lalafo.com/i/posters/original/57/2e/21/3-komnaty-88-m-106-seriya-uluchshennaya-9-etazh-evroremont-108168423_image-1714109728.jpeg,https://img5.lalafo.com/i/posters/original/f0/a9/8e/1c260dc6128505c063dfdf66f0.jpeg,https://img5.lalafo.com/i/posters/original/90/06/5f/41012585fb78a0a4ff01bd99e0.jpeg,https://img5.lalafo.com/i/posters/original/45/84/c1/6d4da01f43d47e2b383bcc2842.jpeg,https://img5.lalafo.com/i/posters/original/17/c5/f0/6129a14d24c922db84e80ee694.jpeg,https://img5.lalafo.com/i/posters/original/d0/31/2b/dc845aee38b6122857add6f8f0.jpeg,https://img5.lalafo.com/i/posters/original/8b/8d/34/a0d0279bfc7403fec2937d6b0b.jpeg,https://img5.lalafo.com/i/posters/original/ae/a7/51/c1ff57a9f99c4a4fdee3da55d0.jpeg,https://img5.lalafo.com/i/posters/original/7a/f4/0a/ea0d1d60148c47d3397c17c223.jpeg,https://img5.lalafo.com/i/posters/original/57/93/bf/92991ff5893981bc027f44161e.jpeg,https://img5.lalafo.com/i/posters/original/16/f8/32/97b770c333ad58a7d8f10b748c.jpeg,https://img5.lalafo.com/i/posters/original/57/2e/21/3-komnaty-88-m-106-seriya-uluchshennaya-9-etazh-evroremont-108168423_image-1714109728.jpeg,https://img5.lalafo.com/i/posters/original/f0/a9/8e/1c260dc6128505c063dfdf66f0.jpeg,https://img5.lalafo.com/i/posters/original/90/06/5f/41012585fb78a0a4ff01bd99e0.jpeg,https://img5.lalafo.com/i/posters/original/45/84/c1/6d4da01f43d47e2b383bcc2842.jpeg,https://img5.lalafo.com/i/posters/original/17/c5/f0/6129a14d24c922db84e80ee694.jpeg,https://img5.lalafo.com/i/posters/original/d0/31/2b/dc845aee38b6122857add6f8f0.jpeg,https://img5.lalafo.com/i/posters/original/8b/8d/34/a0d0279bfc7403fec2937d6b0b.jpeg,https://img5.lalafo.com/i/posters/original/ae/a7/51/c1ff57a9f99c4a4fdee3da55d0.jpeg,https://img5.lalafo.com/i/posters/original/7a/f4/0a/ea0d1d60148c47d3397c17c223.jpeg,https://img5.lalafo.com/i/posters/original/57/93/bf/92991ff5893981bc027f44161e.jpeg,https://img5.lalafo.com/i/posters/original/16/f8/32/97b770c333ad58a7d8f10b748c.jpeg
2 –∫–æ–º–Ω–∞—Ç—ã, 47 –º¬≤, –°—Ç–∞–ª–∏–Ω–∫–∞, 1 —ç—Ç–∞–∂, –°—Ç–∞—Ä—ã–π —Ä–µ–º–æ–Ω—Ç;4 837 564KGS;26 –º–∞—è 2024;–ù–∏–∫–∏—Ç–∞  –ê—Ä—Ç—ë–º–æ–≤;–ë–∏—à–∫–µ–∫;–ü—Ä–æ–¥–∞—é –∫–≤–∞—Ä—Ç–∏—Ä—É 2—Ö –∫–æ–º–Ω–∞—Ç–Ω—É—é —Å—Ç–∞–ª–∏–Ω–∫–∞ 1—ç—Ç–∞–∂ –∏–∑ 2—ç—Ç–∞–∂–µ–π –Ω–µ —É–≥–ª–æ–≤–∞—è –ø—Ä–æ—à—É 55000$ —Ç–æ—Ä–≥ –ø—Ä–∏ –æ—Å–º–æ—Ç—Ä–µ –Ω–µ —Ä–∏—ç–ª—Ç–æ—Ä —Å–æ–±—Å—Ç–≤–µ–Ω–Ω–∏–∫ –æ–±–º–µ–Ω –Ω–µ—Ç;–ù–µ–¥–≤–∏–∂–∏–º–æ—Å—Ç—å;–ö–≤–∞—Ä—Ç–∏—Ä—ã;ID 61434057;lalafo.kg;https://lalafo.kg/bishkek/ads/prodau-kvartiru-2h-komnatnuu-stalinka-id-61434057;https://img5.lalafo.com/i/posters/original/69/35/45/dfa54ce4a95a2ae5bb19c2843f.jpeg,https://img5.lalafo.com/i/posters/original/99/49/d4/faed6bfc1a6d0e34e145fe2253.jpeg,https://img5.lalafo.com/i/posters/original/26/cc/f6/0be4b40851cc633137b918d07a.jpeg,https://img5.lalafo.com/i/posters/original/42/1e/e1/e805dfa7fb9138f3b7a6c8e42f.jpeg,https://img5.lalafo.com/i/posters/original/d3/4f/de/d8c9b0b5797a221e524637ace2.jpeg,https://img5.lalafo.com/i/posters/original/52/98/b0/607b72860d76aabcdfcdc8f6a6.jpeg,https://img5.lalafo.com/i/posters/original/8a/18/30/3efbc7cc0b659f14bb368e1a23.jpeg,https://img5.lalafo.com/i/posters/original/91/0f/60/824094e8f6360f529562d3adaa.jpeg,https://img5.lalafo.com/i/posters/original/a7/53/42/33094c6fe50b961ed160c81888.jpeg
2 –∫–æ–º–Ω–∞—Ç—ã, 67 –º¬≤, –≠–ª–∏—Ç–∫–∞, 7 —ç—Ç–∞–∂, –ö–æ—Å–º–µ—Ç–∏—á–µ—Å–∫–∏–π —Ä–µ–º–æ–Ω—Ç;5 673 143KGS;26 –º–∞—è 2024;apartments;–ë–∏—à–∫–µ–∫;–ü—Ä–æ–¥–∞—é 2-–∫ —ç–ª–∏—Ç–∫—É –ß—É–π –ß–æ–ª–ø–æ–Ω–∞—Ç–∏–Ω—Å–∫–∞—è, 7/9, —Å —Ä–µ–º–æ–Ω—Ç–æ–º, 67 –º2 –∑–∞ 64500$–ü—Ä–æ–¥–∞—é 2-–∫–æ–º–Ω–∞—Ç–Ω—É—é —ç–ª–∏—Ç–Ω—É—é –∫–≤–∞—Ä—Ç–∏—Ä—É–ù–∞ –ø–µ—Ä–µ—Å–µ—á–µ–Ω–∏–∏ –ß—É–π –ß–æ–ª–ø–æ–Ω–∞—Ç–∏–Ω—Å–∫–∞—è (–ß. –í–∞–ª–∏—Ö–∞–Ω–æ–≤–∞)–≠—Ç–∞–∂: 7 –∏–∑ 9 (–ª–∏—Ñ—Ç—ã —Ä–∞–±–æ—Ç–∞—é—Ç)–°–æ—Å—Ç–æ—è–Ω–∏–µ —Å —Ä–µ–º–æ–Ω—Ç–æ–º–ñ–∏–ª–æ–π –∫–æ–º–ø–ª–µ–∫—Å: ¬´–ì—Ä–∞–Ω–¥ –°–∏—Ç–∏¬ª–í—Å–µ —Ü–µ–Ω—Ç—Ä–∞–ª—å–Ω—ã–µ –∫–æ–º–º—É–Ω–∏–∫–∞—Ü–∏–∏ (–æ—Ç–æ–ø–ª–µ–Ω–∏–µ –∏ –≥–∞–∑ —Ç–æ–∂–µ)–î–æ–º –∫–∏—Ä–ø–∏—á–Ω—ã–π, –∑–∞–≤–µ—Ä—à–µ–Ω, –∑–∞—Å–µ–ª–µ–Ω –∏ —Å–¥–∞–Ω –≤ —ç–∫—Å–ø–ª—É–∞—Ç–∞—Ü–∏—é –ü–ª–æ—â–∞–¥—å: 67 –º2–¶–µ–Ω–∞: 64500$ (–í–æ—Ç—Å–∞–ø/–∑–≤–æ–Ω–∫–∏);–ù–µ–¥–≤–∏–∂–∏–º–æ—Å—Ç—å;–ö–≤–∞—Ä—Ç–∏—Ä—ã;ID 33691109;lalafo.kg;https://lalafo.kg/bishkek/ads/prodau-2-k-elitku-cuj-colponatinskaa-id-33691109;
4 –∫–æ–º–Ω–∞—Ç—ã, 163 –º¬≤, –≠–ª–∏—Ç–∫–∞, 4 —ç—Ç–∞–∂, –ï–≤—Ä–æ—Ä–µ–º–æ–Ω—Ç;36 061 837KGS;25 –∞–ø—Ä. 2024;–ê—Å–∫–∞—Ç;–ë–∏—à–∫–µ–∫;–≠–∫—Å–∫–ª—é–∑–∏–≤–Ω—ã–π –≤–∞—Ä–∏–∞–Ω—Ç!!!–ù–∞ –ø—Ä–æ–¥–∞–∂–µ 4-—Ö –∫–æ–º–Ω–∞—Ç–Ω–∞—è –∫–≤–∞—Ä—Ç–∏—Ä–∞ –æ—Ç —Å–∫ ¬´–∞–≤–∞–Ω–≥–∞—Ä–¥-—Å—Ç–∏–ª—å¬ª –∂–∫ ¬´—Ñ—Ä–∞–Ω—Ü—É–∑–∫–∏–π –∫–≤–∞—Ä—Ç–∞–ª¬ª4-—ç—Ç–∞–∂, 163–∫–≤/–º-–∫—Ä–∞—Å–Ω–∞—è –∫–Ω–∏–≥–∞-—Ç–µ—Ö.–ü–∞—Å–ø–æ—Ä—Ç-–¥–æ–≥–æ–≤–æ—Ä –∫—É–ø–ª–∏-–ø—Ä–æ–¥–∞–∂–∏–∫–≤–∞—Ä—Ç–∏—Ä–∞ –≤ –∏–¥–µ–∞–ª—å–Ω–æ–º —Å–æ—Å—Ç–æ—è–Ω–∏–∏, –∏–∑ –≤—ã—Å–æ–∫–æ–∫–∞—á–µ—Å—Ç–≤–µ–Ω–Ω—ã—Ö –æ—Ç–¥–µ–ª–æ—á–Ω—ã—Ö –º–∞—Ç–µ—Ä–∏–∞–ª–æ–≤! –õ—É—á—à–µ —É–≤–∏–¥–µ—Ç—å –æ–¥–∏–Ω —Ä–∞–∑, —á–µ–º —á–∏—Ç–∞—Ç—å –∑–¥–µ—Å—å –æ–ø–∏—Å–∞–Ω–∏–µ –ø—Ä–æ —Å–æ—Å—Ç–æ—è–Ω–∏–µ –∫–≤–∞—Ä—Ç–∏—Ä—ã !–°—Ç–æ–∏–º–æ—Å—Ç—å –∑–∞ 1–∫–≤/–º-2500$–∏ –¥–∞, –∫–≤–∞—Ä—Ç–∏—Ä–∞ –ø—Ä–æ–¥–∞–µ—Ç—Å—è —Å –º–µ–±–µ–ª—å—é –∏ —Ç–µ—Ö–Ω–∏–∫–æ–π, –ø—Ä–∏—á–µ–º –Ω–µ –¥–µ—à–µ–≤–æ–π! üòâ–∑–∞ –¥–æ–ø–æ–ª–Ω–∏—Ç–µ–ª—å–Ω–æ–π –∏–Ω—Ñ–æ—Ä–º–∞—Ü–∏–µ–π ‚è¨;–ù–µ–¥–≤–∏–∂–∏–º–æ—Å—Ç—å;–ö–≤–∞—Ä—Ç–∏—Ä—ã;ID 38027741;lalafo.kg;https://lalafo.kg/bishkek/ads/prodaza-kvartir-id-38027741;https://img5.lalafo.com/i/posters/original/d3/c5/45/f911d7a89ce1a5cb736241efa1.jpeg,https://img5.lalafo.com/i/posters/original/43/fc/f4/e877fe3f156ae111d880ba8822.jpeg,https://img5.lalafo.com/i/posters/original/d3/24/b7/a9dceefbee197c5344f737be64.jpeg,https://img5.lalafo.com/i/posters/original/66/99/31/2af5ff98b5c9ff4caffde01740.jpeg,https://img5.lalafo.com/i/posters/original/31/aa/39/87353b566e553ab543227e8537.jpeg,https://img5.lalafo.com/i/posters/original/95/5a/97/468882df3dba256060ffe66791.jpeg,https://img5.lalafo.com/i/posters/original/c9/f7/5d/50ff631c9dee11951b8db67ec2.jpeg,https://img5.lalafo.com/i/posters/original/f3/c7/dc/990524e6b39da8afc5ab734e6f.jpeg,https://img5.lalafo.com/i/posters/original/b6/32/84/7e22a5615b9ebad521f0cc0c07.jpeg,https://img5.lalafo.com/i/posters/original/c5/fe/f8/14c0e0f70bc2c6bff7e393d0c0.jpeg,https://img5.lalafo.com/i/posters/original/d3/c5/45/f911d7a89ce1a5cb736241efa1.jpeg,https://img5.lalafo.com/i/posters/original/43/fc/f4/e877fe3f156ae111d880ba8822.jpeg,https://img5.lalafo.com/i/posters/original/d3/24/b7/a9dceefbee197c5344f737be64.jpeg,https://img5.lalafo.com/i/posters/original/66/99/31/2af5ff98b5c9ff4caffde01740.jpeg,https://img5.lalafo.com/i/posters/original/31/aa/39/87353b566e553ab543227e8537.jpeg,https://img5.lalafo.com/i/posters/original/95/5a/97/468882df3dba256060ffe66791.jpeg,https://img5.lalafo.com/i/posters/original/c9/f7/5d/50ff631c9dee11951b8db67ec2.jpeg,https://img5.lalafo.com/i/posters/original/f3/c7/dc/990524e6b39da8afc5ab734e6f.jpeg,https://img5.lalafo.com/i/posters/original/b6/32/84/7e22a5615b9ebad521f0cc0c07.jpeg,https://img5.lalafo.com/i/posters/original/c5/fe/f8/14c0e0f70bc2c6bff7e393d0c0.jpeg,https://img5.lalafo.com/i/posters/original/d3/c5/45/f911d7a89ce1a5cb736241efa1.jpeg,https://img5.lalafo.com/i/posters/original/43/fc/f4/e877fe3f156ae111d880ba8822.jpeg,https://img5.lalafo.com/i/posters/original/d3/24/b7/a9dceefbee197c5344f737be64.jpeg,https://img5.lalafo.com/i/posters/original/66/99/31/2af5ff98b5c9ff4caffde01740.jpeg,https://img5.lalafo.com/i/posters/original/31/aa/39/87353b566e553ab543227e8537.jpeg,https://img5.lalafo.com/i/posters/original/95/5a/97/468882df3dba256060ffe66791.jpeg,https://img5.lalafo.com/i/posters/original/c9/f7/5d/50ff631c9dee11951b8db67ec2.jpeg,https://img5.lalafo.com/i/posters/original/f3/c7/dc/990524e6b39da8afc5ab734e6f.jpeg,https://img5.lalafo.com/i/posters/original/b6/32/84/7e22a5615b9ebad521f0cc0c07.jpeg
1 –∫–æ–º–Ω–∞—Ç–∞, 145 –º¬≤, –ú–∞–ª–æ—Å–µ–º–µ–π–∫–∞, 1 —ç—Ç–∞–∂, –ö–æ—Å–º–µ—Ç–∏—á–µ—Å–∫–∏–π —Ä–µ–º–æ–Ω—Ç;1 600 000;25 –º–∞—è 2024;author;–ë–∏—à–∫–µ–∫;–°—Ä–æ—á–Ω–æ –ø—Ä–æ–¥–∞–µ—Ç—Å—è –∫–≤–∞—Ä—Ç–∏—Ä–∞ –±.–ø. —Ä–∞–π–æ–Ω —à–ª–∞–≥–±–∞—É–º–∞.–†—è–¥–æ–º —à–∫–æ–ª–∞,–±–æ–ª—å–Ω–∏—Ü–∞,–û—à—Å–∫–∏–π —Ä—ã–Ω–æ–∫,–æ—Å—Ç–∞–Ω–æ–≤–∫–∏ —Ç—Ä–∞–Ω—Å–ø–æ—Ä—Ç —Ö–æ–¥–∏—Ç –≤ –ª—é–±–æ–π –∫–æ–Ω–µ—Ü –≥–æ—Ä–æ–¥–∞.;–ù–µ–¥–≤–∏–∂–∏–º–æ—Å—Ç—å;–ö–≤–∞—Ä—Ç–∏—Ä—ã;ID 100613989;lalafo.kg;https://lalafo.kg/bishkek/ads/srocno-prodaetsa-kvartira-bp-rajon-id-100613989;
3 –∫–æ–º–Ω–∞—Ç—ã, 58 –º¬≤, 104 —Å–µ—Ä–∏—è, 3 —ç—Ç–∞–∂, –ï–≤—Ä–æ—Ä–µ–º–æ–Ω—Ç;7 652 146KGS;25 –º–∞—è 2024;–í–µ—Ä–æ–Ω–∏–∫–∞;–ë–∏—à–∫–µ–∫;–ü—Ä–æ–¥–∞–µ–º 3-—Ö –∫–æ–º–Ω–∞—Ç–Ω—É—é –∫–≤–∞—Ä—Ç–∏—Ä—É,  –≤ —ç–∫–æ–ª–æ–≥–∏—á–µ—Å–∫–∏ —á–∏—Å—Ç–æ–º —Ä–∞–π–æ–Ω–µ, 9 –º–∏–∫—Ä–æ—Ä–∞–π–æ–Ω–µ! –ù–µ —É–≥–ª–æ–≤–∞—è, 3/4 –í –∫–≤–∞—Ä—Ç–∏—Ä–µ —Å–¥–µ–ª–∞–Ω –∫–∞–ø–∏—Ç–∞–ª—å–Ω—ã–π —Ä–µ–º–æ–Ω—Ç, –ü–ï–†–ï–ü–õ–ê–ù–ò–†–û–í–ö–ê —Å –æ—Ñ–∏—Ü–∏–∞–ª—å–Ω—ã–º —Ä–∞–∑—Ä–µ—à–µ–Ω–∏–µ–º!!! –ó–∞ —Å—á–µ—Ç –ø–µ—Ä–µ–ø–ª–∞–Ω–∏—Ä–æ–≤–∫–∏ —É –≤–∞—Å –±–æ–ª—å—à–∞—è –≤–∞–Ω–Ω–∞—è –∫–æ–º–Ω–∞—Ç–∞ ,–Ω–∏ –≤ –æ–¥–Ω–æ–π –∫–≤–∞—Ä—Ç–∏—Ä–µ –ø–æ—Ö–æ–∂–µ–≥–æ —Ç–∏–ø–∞ –í—ã –Ω–µ –≤—Å—Ç—Ä–µ—Ç–∏—Ç–µ —Ç–∞–∫–æ–π –ø–ª–∞–Ω–∏—Ä–æ–≤–∫–∏!(—Å–∞–º–∞ –≤–∞–Ω–Ω–∞ –¥–ª–∏–Ω–Ω–æ–π 1.80)   –∏ —É–¥–æ–±–Ω–∞—è –∫—É—Ö–Ω—è! –ü–ª–∞–Ω–∏—Ä–æ–≤–∫–∞ —Å–¥–µ–ª–∞–Ω–∞ —Å –¥–∏–∑–∞–π–Ω–µ—Ä–æ–º, –ø—Ä–æ—Ä–∞–±–æ—Ç–∞–Ω–∞ –æ—Ç –∏ –¥–æ. –ü–ï–†–ï–ü–õ–ê–ù–ò–†–û–í–ö–ê –û–§–ò–¶–ò–ê–õ–¨–ù–ê–Ø!!!–†–µ–º–æ–Ω—Ç –¥–µ–ª–∞–ª–∏ –ø–æ–ª–Ω–æ—Å—Ç—å—é –¥–ª—è —Å–µ–±—è, –≤–ª–æ–∂–∏–ª–∏ –æ—á–µ–Ω—å –æ—á–µ–Ω—å! –º–Ω–æ–≥–æ –¥–µ–Ω–µ–∂–Ω—ã—Ö —Å—Ä–µ–¥—Å—Ç–≤, –Ω–µ –∂–∞–ª–µ–ª–∏ –Ω–∏ –Ω–∞ —á—Ç–æ, –Ω–æ –∫ —Å–æ–∂–∞–ª–µ–Ω–∏—é –ø—Ä–∏—Ö–æ–¥–∏—Ç—Å—è –ø—Ä–æ–¥–∞–≤–∞—Ç—å –≤ —Å–≤—è–∑–∏ —Å –ø–µ—Ä–µ–µ–∑–¥–æ–º. –ù–æ–≤–∞—è –ø—Ä–æ–≤–æ–¥–∫–∞- –∫–∞–±–µ–ª—å –ø–æ –ì–û–°–¢–£, –Ω–æ–≤–∞—è –ö–ê–ß–ï–°–¢–í–ï–ù–ù–ê–Ø —Å–∞–Ω—Ç–µ—Ö–Ω–∏–∫–∞ –≤–∞–ª—Ç–µ–∫, –Ω–æ–≤–∞—è –°–¢–Ø–ñ–ö–ê, –Ω–æ–≤—ã–π —ç–ª–µ–∫—Ç—Ä–æ—â–∏—Ç–æ–∫ –∏ –†–ï–õ–õ–ï –Ω–∞–ø—Ä—è–∂–µ–Ω–∏—è, —Å –Ω–∏–º –≤—ã –±—É–¥–µ—Ç–µ —É–≤–µ—Ä–µ–Ω—ã, —á—Ç–æ –≤–∞—à–∞ —Å–µ–º—å—è –Ω–∞—Ö–æ–¥–∏—Ç—Å—è –≤ –ø–æ–ª–Ω–æ–π –±–µ–∑–æ–ø–∞—Å–Ω–æ—Å—Ç–∏! –î–æ—Ä–æ–≥–∏–µ –æ–±–æ–∏, –∫–∞—á–µ—Å—Ç–≤–µ–Ω–Ω—ã–µ –ø–æ–ª—ã –ª–∞–º–∏–Ω–∞—Ç, –ª—é—Å—Ç—Ä—ã, —Ä–æ–∑–µ—Ç–∫–∏ –∏ –≤—ã–∫–ª—é—á–∞—Ç–µ–ª–∏ v:ko. –†–æ–∑–µ—Ç–æ–∫ –≤ –¥–æ–º–µ –ø—Ä–∏–¥–æ—Å—Ç–∞—Ç–æ—á–Ω–æ, –∫–∞–∂–¥–∞—è —Ä–æ–∑–µ—Ç–∫–∞ —Ä–∞—Å—Å—á–∏—Ç–∞–Ω–∞ –∏ –ø—Ä–æ–¥—É–º–∞–Ω–∞ –ø–æ–¥ –∫–∞–∂–¥—ã–π —ç–ª–µ–∫—Ç—Ä–∏—á–µ—Å–∫–∏–π –ø—Ä–∏–±–æ—Ä, –≤–ø–ª–æ—Ç—å –¥–æ –æ—á–∏—Å—Ç–∏—Ç–µ–ª—è, –ø–æ—Å—É–¥–æ–º–æ–µ—á–Ω–æ–π –º–∞—à–∏–Ω—ã, —Å—É—à–∏–ª—å–Ω–æ–π –º–∞—à–∏–Ω—ã –∏ —É–≤–ª–∞–∂–Ω–∏—Ç–µ–ª—è. –ï—Å—Ç—å –∫–ª–∞–¥–æ–≤–∞—è, —É—Ç–µ–ø–ª–µ–Ω–Ω—ã–π –±–∞–ª–∫–æ–Ω! –†—è–¥–æ–º —Å –∫–≤–∞—Ä—Ç–∏—Ä–æ–π –Ω–∞—Ö–æ–¥–∏—Ç—Å—è: –¥–≤–∞ —Å–∞–¥–∏–∫–∞, –¥–≤–µ —à–∫–æ–ª—ã –≤ —Ç—Ä–µ—Ö –º–∏–Ω—É—Ç–∞—Ö —Ö–æ–¥—å–±—ã, –º–∞–≥–∞–∑–∏–Ω—ã –æ–¥–µ–∂–¥—ã, –º—ã–ª–æ–º–æ–π–∫–∏ ,–ê–∑–∏—è , –ù–∞—Ä–æ–¥–Ω—ã–π, –±–∞–∑–∞—Ä —Å–æ –≤—Å–µ–º –Ω–µ–æ–±—Ö–æ–¥–∏–º—ã–º, —Å–≤–µ–∂–∏–º –º—è—Å–æ–º, —Ä—ã–±–æ–π –∏ –æ–≤–æ—â–∞–º–∏ ! –ü–ê–†–ö –ê–¢–ê-–¢–Æ–†–ö,  –ú–∞–≥–∏—Å—Ç—Ä–∞–ª—å, –û—Ä—Ç–æ—Å–∞–π—Å–∫–∏–π —Ä—ã–Ω–æ–∫, —É–Ω–∏–≤–µ—Ä—Å–∏—Ç–µ—Ç, –ø–æ–ª–∏—Ç–µ—Ö, –≤—Å—è —Ç—Ä–∞–Ω—Å–ø–æ—Ä—Ç–Ω–∞—è —Ä–∞–∑–≤—è–∑–∫–∞, –ø–∞—Ä–∫–æ–≤–∫–∞, –∫–∞—Ñ–µ, —Ä–µ—Å—Ç–æ—Ä–∞–Ω—ã, –∫fc, –ø—É–Ω–∫—Ç –≤—ã–¥–∞—á–∏ wb –∏ OZON, Capito, –ø–µ–∫–∞—Ä–Ω—è. –û—Ç –°–æ–≤–µ—Ç—Å–∫–æ–π 300–º–µ—Ç—Ä–æ–≤! –ö–≤–∞—Ä—Ç–∏—Ä–∞ –Ω–∞—Ö–æ–¥–∏—Ç—Å—è –≤ —Å–ø–∞–ª—å–Ω–æ–º —Ä–∞–π–æ–Ω–µ, –¥–≤–æ—Ä –∑–µ–ª–µ–Ω—ã–π, –±–µ–≥–∞—é—Ç –±–µ–ª–∫–∏! –î–µ—Ç—Å–∫–∞—è –ø–ª–æ—â–∞–¥–∫–∞, —Å—Ç–∞–¥–∏–æ–Ω, –∑–¥–µ—Å—å –µ—Å—Ç—å –≤—Å—ë –¥–ª—è –∫–æ–º—Ñ–æ—Ä—Ç–Ω–æ–π –∂–∏–∑–Ω–∏ —Å –¥–µ—Ç–∏—à–∫–∞–º–∏. –ü–æ –≤—Å–µ–º –≤–æ–ø—Ä–æ—Å–∞–º –∑–≤–æ–Ω–∏—Ç–µ –∏–ª–∏ –ø–∏—à–∏—Ç–µ –Ω–∞ –≤–æ—Ç—Å–∞–ø! ;–ù–µ–¥–≤–∏–∂–∏–º–æ—Å—Ç—å;–ö–≤–∞—Ä—Ç–∏—Ä—ã;ID 34383114;lalafo.kg;https://lalafo.kg/bishkek/ads/3-komnaty-58-m-104-seria-3-etaz-evroremont-id-34383114;https://img5.lalafo.com/i/posters/original/41/58/f2/3-bedroom-58-sq-m-104-series-flat-3-floor-number-european-quality-repair-34383114_image-1716709962.jpeg,https://img5.lalafo.com/i/posters/original/c0/4d/29/3-bedroom-58-sq-m-104-series-flat-3-floor-number-european-quality-repair-34383114_image-1716709961.jpeg,https://img5.lalafo.com/i/posters/original/9f/be/27/3-bedroom-58-sq-m-104-series-flat-3-floor-number-european-quality-repair-34383114_image-1716709963.jpeg,https://img5.lalafo.com/i/posters/original/3e/7b/3c/3-bedroom-58-sq-m-104-series-flat-3-floor-number-european-quality-repair-34383114_image-1716709962.jpeg,https://img5.lalafo.com/i/posters/original/47/b1/8e/3-bedroom-58-sq-m-104-series-flat-3-floor-number-european-quality-repair-34383114_image-1716709963.jpeg,https://img5.lalafo.com/i/posters/original/ba/d9/e6/3-bedroom-58-sq-m-104-series-flat-3-floor-number-european-quality-repair-34383114_image-1716709963.jpeg,https://img5.lalafo.com/i/posters/original/30/9f/ba/3-bedroom-58-sq-m-104-series-flat-3-floor-number-european-quality-repair-34383114_image-1716709963.jpeg,https://img5.lalafo.com/i/posters/original/f9/6a/72/3-bedroom-58-sq-m-104-series-flat-3-floor-number-european-quality-repair-34383114_image-1716709963.jpeg,https://img5.lalafo.com/i/posters/original/f9/40/71/3-bedroom-58-sq-m-104-series-flat-3-floor-number-european-quality-repair-34383114_image-1716709962.jpeg,https://img5.lalafo.com/i/posters/original/83/c7/15/3-bedroom-58-sq-m-104-series-flat-3-floor-number-european-quality-repair-34383114_image-1716709959.jpeg,https://img5.lalafo.com/i/posters/original/59/94/54/3-bedroom-58-sq-m-104-series-flat-3-floor-number-european-quality-repair-34383114_image-1716709959.jpeg,https://img5.lalafo.com/i/posters/original/2f/43/80/3-bedroom-58-sq-m-104-series-flat-3-floor-number-european-quality-repair-34383114_image-1716709959.jpeg,https://img5.lalafo.com/i/posters/original/16/d1/4d/3-bedroom-58-sq-m-104-series-flat-3-floor-number-european-quality-repair-34383114_image-1716709961.jpeg,https://img5.lalafo.com/i/posters/original/35/dd/3c/3-bedroom-58-sq-m-104-series-flat-3-floor-number-european-quality-repair-34383114_image-1716709962.jpeg,https://img5.lalafo.com/i/posters/original/58/c1/87/3-bedroom-58-sq-m-104-series-flat-3-floor-number-european-quality-repair-34383114_image-1716709960.jpeg,https://img5.lalafo.com/i/posters/original/7d/23/12/3-bedroom-58-sq-m-104-series-flat-3-floor-number-european-quality-repair-34383114_image-1716709962.jpeg,https://img5.lalafo.com/i/posters/original/a9/2a/bc/3-bedroom-58-sq-m-104-series-flat-3-floor-number-european-quality-repair-34383114_image-1716709961.jpeg,https://img5.lalafo.com/i/posters/original/02/17/68/3-bedroom-58-sq-m-104-series-flat-3-floor-number-european-quality-repair-34383114_image-1716709961.jpeg,https://img5.lalafo.com/i/posters/original/45/53/2b/3-bedroom-58-sq-m-104-series-flat-3-floor-number-european-quality-repair-34383114_image-1716709962.jpeg,https://img5.lalafo.com/i/posters/original/41/58/f2/3-bedroom-58-sq-m-104-series-flat-3-floor-number-european-quality-repair-34383114_image-1716709962.jpeg,https://img5.lalafo.com/i/posters/original/c0/4d/29/3-bedroom-58-sq-m-104-series-flat-3-floor-number-european-quality-repair-34383114_image-1716709961.jpeg,https://img5.lalafo.com/i/posters/original/9f/be/27/3-bedroom-58-sq-m-104-series-flat-3-floor-number-european-quality-repair-34383114_image-1716709963.jpeg,https://img5.lalafo.com/i/posters/original/3e/7b/3c/3-bedroom-58-sq-m-104-series-flat-3-floor-number-european-quality-repair-34383114_image-1716709962.jpeg,https://img5.lalafo.com/i/posters/original/47/b1/8e/3-bedroom-58-sq-m-104-series-flat-3-floor-number-european-quality-repair-34383114_image-1716709963.jpeg,https://img5.lalafo.com/i/posters/original/ba/d9/e6/3-bedroom-58-sq-m-104-series-flat-3-floor-number-european-quality-repair-34383114_image-1716709963.jpeg,https://img5.lalafo.com/i/posters/original/30/9f/ba/3-bedroom-58-sq-m-104-series-flat-3-floor-number-european-quality-repair-34383114_image-1716709963.jpeg,https://img5.lalafo.com/i/posters/original/f9/6a/72/3-bedroom-58-sq-m-104-series-flat-3-floor-number-european-quality-repair-34383114_image-1716709963.jpeg,https://img5.lalafo.com/i/posters/original/f9/40/71/3-bedroom-58-sq-m-104-series-flat-3-floor-number-european-quality-repair-34383114_image-1716709962.jpeg,https://img5.lalafo.com/i/posters/original/83/c7/15/3-bedroom-58-sq-m-104-series-flat-3-floor-number-european-quality-repair-34383114_image-1716709959.jpeg,https://img5.lalafo.com/i/posters/original/59/94/54/3-bedroom-58-sq-m-104-series-flat-3-floor-number-european-quality-repair-34383114_image-1716709959.jpeg,https://img5.lalafo.com/i/posters/original/2f/43/80/3-bedroom-58-sq-m-104-series-flat-3-floor-number-european-quality-repair-34383114_image-1716709959.jpeg,https://img5.lalafo.com/i/posters/original/16/d1/4d/3-bedroom-58-sq-m-104-series-flat-3-floor-number-european-quality-repair-34383114_image-1716709961.jpeg,https://img5.lalafo.com/i/posters/original/35/dd/3c/3-bedroom-58-sq-m-104-series-flat-3-floor-number-european-quality-repair-34383114_image-1716709962.jpeg,https://img5.lalafo.com/i/posters/original/58/c1/87/3-bedroom-58-sq-m-104-series-flat-3-floor-number-european-quality-repair-34383114_image-1716709960.jpeg,https://img5.lalafo.com/i/posters/original/7d/23/12/3-bedroom-58-sq-m-104-series-flat-3-floor-number-european-quality-repair-34383114_image-1716709962.jpeg,https://img5.lalafo.com/i/posters/original/a9/2a/bc/3-bedroom-58-sq-m-104-series-flat-3-floor-number-european-quality-repair-34383114_image-1716709961.jpeg,https://img5.lalafo.com/i/posters/original/02/17/68/3-bedroom-58-sq-m-104-series-flat-3-floor-number-european-quality-repair-34383114_image-1716709961.jpeg,https://img5.lalafo.com/i/posters/original/45/53/2b/3-bedroom-58-sq-m-104-series-flat-3-floor-number-european-quality-repair-34383114_image-1716709962.jpeg,https://img5.lalafo.com/i/posters/original/41/58/f2/3-bedroom-58-sq-m-104-series-flat-3-floor-number-european-quality-repair-34383114_image-1716709962.jpeg,https://img5.lalafo.com/i/posters/original/c0/4d/29/3-bedroom-58-sq-m-104-series-flat-3-floor-number-european-quality-repair-34383114_image-1716709961.jpeg,https://img5.lalafo.com/i/posters/original/9f/be/27/3-bedroom-58-sq-m-104-series-flat-3-floor-number-european-quality-repair-34383114_image-1716709963.jpeg,https://img5.lalafo.com/i/posters/original/3e/7b/3c/3-bedroom-58-sq-m-104-series-flat-3-floor-number-european-quality-repair-34383114_image-1716709962.jpeg,https://img5.lalafo.com/i/posters/original/47/b1/8e/3-bedroom-58-sq-m-104-series-flat-3-floor-number-european-quality-repair-34383114_image-1716709963.jpeg,https://img5.lalafo.com/i/posters/original/ba/d9/e6/3-bedroom-58-sq-m-104-series-flat-3-floor-number-european-quality-repair-34383114_image-1716709963.jpeg,https://img5.lalafo.com/i/posters/original/30/9f/ba/3-bedroom-58-sq-m-104-series-flat-3-floor-number-european-quality-repair-34383114_image-1716709963.jpeg,https://img5.lalafo.com/i/posters/original/f9/6a/72/3-bedroom-58-sq-m-104-series-flat-3-floor-number-european-quality-repair-34383114_image-1716709963.jpeg,https://img5.lalafo.com/i/posters/original/f9/40/71/3-bedroom-58-sq-m-104-series-flat-3-floor-number-european-quality-repair-34383114_image-1716709962.jpeg
1 –∫–æ–º–Ω–∞—Ç–∞, 18 –º¬≤, –û–±—â–µ–∂–∏—Ç–∏–µ –∏ –≥–æ—Å—Ç–∏–Ω–∏—á–Ω–æ–≥–æ —Ç–∏–ø–∞, 3 —ç—Ç–∞–∂;1 759 114KGS;24 –º–∞—è 2024;–ê—Ç–∞–∫—É–ª–æ–≤–∞ –ì—É–ª–∂–∞–º–∞–ª;–ë–∏—à–∫–µ–∫;–ü—Ä–æ–¥–∞—é –∫–≤–∞—Ä—Ç–∏—Ä—É –≥–æ—Å—Ç–∏–Ω–∏—á–Ω–æ–≥–æ —Ç–∏–ø–∞, 18–º2–ê–¥—Ä–µ—Å: 5 –º–∫—Ä, 11–¥–æ–º, 3–π —ç—Ç–∞–∂ —Å–æ–ª–Ω–µ—á–Ω–∞—è —Å—Ç–æ—Ä–æ–Ω–∞–¶–µ–Ω–∞: 20—Ç$ ;–ù–µ–¥–≤–∏–∂–∏–º–æ—Å—Ç—å;–ö–≤–∞—Ä—Ç–∏—Ä—ã;ID 34355313;lalafo.kg;https://lalafo.kg/bishkek/ads/prodau-kvartiru-gostinicnogo-tipa-18m2-id-34355313;
